{
	"format_version" : "1.10.0",
	"animation_controllers" : {
		"controller.animation.morph.spider.first_person_attack" : {
			"initial_state" : "default",
			"states" : {
				"default" : {
					"animations" : [ "spider_first_person_attack_rotation" ],
					"transitions" : [
						{
							"vr_attack" : "variable.is_using_vr"
						}
					]
				},
				"vr_attack" : {
					"animations" : [ "spider_first_person_vr_attack_rotation" ],
					"transitions" : [
						{
							"default" : "!variable.is_using_vr"
						}
					]
				}
			}
		}
	}
}
