{
  "format_version": "1.16.100",
  "minecraft:fog_settings": {
    "description": {
      "identifier": "morph:fog_warden_blindness"
    },
    "distance": {
      "air": {
        "fog_start": 0.0,
        "fog_end": 30.0,
        "fog_color": "#6FB2FF",
        "render_distance_type": "fixed"
      },
      "weather": {
        "fog_start": 0.0,
        "fog_end": 30.0,
        "fog_color": "#6FB2FF",
        "render_distance_type": "fixed"
      },
      "water": {
        "fog_start": 0.0,
        "fog_end": 30.0,
        "fog_color": "#6FB2FF",
        "render_distance_type": "fixed"
      }
    }
  }
}