{
	"format_version": "1.12.0",
	"minecraft:geometry": [
		{
			"description": {
				"identifier": "geometry.irongolem.flower",
				"texture_width": 16,
				"texture_height": 16,
				"visible_bounds_width": 5,
				"visible_bounds_height": 4,
				"visible_bounds_offset": [0, 1, 0]
			},
			"bones": [
				{
					"name": "body",
					"pivot": [0, 31, 0]
				},
				{
					"name": "arm0",
					"parent": "body",
					"pivot": [0, 31, 0],
					"cubes": [
						{
							"origin": [-13, 3.5, -3],
							"size": [4, 30, 6],
							"uv": {
								"north": {"uv": [0, 0], "uv_size": [0, 0]},
								"east": {"uv": [0, 0], "uv_size": [0, 0]},
								"south": {"uv": [0, 0], "uv_size": [0, 0]},
								"west": {"uv": [0, 0], "uv_size": [0, 0]},
								"up": {"uv": [0, 0], "uv_size": [0, 0]},
								"down": {"uv": [0, 0], "uv_size": [0, 0]}
							}
						}
					]
				},
				{
					"name": "flower",
					"parent": "arm0",
					"pivot": [-11, 7, -2],
					"rotation": [90, 0, -45],
					"cubes": [
						{
							"origin": [-19, 7, -2],
							"size": [16, 16, 0],
							"uv": {
								"north": {"uv": [0, 0], "uv_size": [16, 16]}
							}
						},
						{
							"origin": [-11, 7, -10],
							"size": [0, 16, 16],
							"uv": {
								"east": {"uv": [0, 0], "uv_size": [16, 16]}
							}
						}
					]
				}
			]
		}
	]
}