{
	"format_version": "1.12.0",
	"minecraft:geometry": [
		{
			"description": {
				"identifier": "geometry.morphing_bracelet",
				"texture_width": 16,
				"texture_height": 64,
				"visible_bounds_width": 3,
				"visible_bounds_height": 4.5,
				"visible_bounds_offset": [0, 1.75, 0]
			},
			"bones": [
				{
					"name": "root",
					"pivot": [0, 0, 0]
				},
				{
					"name": "waist",
					"parent": "root",
					"pivot": [0, 12, 0]
				},
				{
					"name": "body",
					"parent": "waist",
					"pivot": [0, 24, 0]
				},
				{
					"name": "rightArm",
					"parent": "body",
					"pivot": [-5, 22, 0]
				},
				{
					"name": "morphing_bracelet",
					"parent": "rightArm",
					"pivot": [-5, 22, 0]
				},
				{
					"name": "0",
					"parent": "morphing_bracelet",
					"pivot": [-5, 22, 0],
					"cubes": [
						{"origin": [-8, 12, -2], "size": [4, 12, 4], "inflate": 0.26, "uv": [0, 0]}
					]
				},
				{
					"name": "1",
					"parent": "morphing_bracelet",
					"pivot": [-5, 22, 0],
					"cubes": [
						{"origin": [-8, 12, -2], "size": [4, 12, 4], "inflate": 0.26, "uv": [0, 16]}
					]
				},
				{
					"name": "2",
					"parent": "morphing_bracelet",
					"pivot": [-5, 22, 0],
					"cubes": [
						{"origin": [-8, 12, -2], "size": [4, 12, 4], "inflate": 0.26, "uv": [0, 32]}
					]
				},
				{
					"name": "3",
					"parent": "morphing_bracelet",
					"pivot": [-5, 22, 0],
					"cubes": [
						{"origin": [-8, 12, -2], "size": [4, 12, 4], "inflate": 0.26, "uv": [0, 48]}
					]
				}
			]
		}
	]
}