{
  "format_version": "1.10.0",
  "render_controllers": {
    "controller.render.morph.armadillo.first_person": {
      "geometry": "Geometry.armadillo",
      "materials": [ { "*": "Material.armadillo" } ],
      "textures": [ "Texture.armadillo" ],
      "part_visibility": [
        { "*": false },
        { "right_front_leg": "query.get_equipped_item_name(0, 1) == '' || query.get_equipped_item_name(0, 1) == 'filled_map' || query.get_equipped_item_name(0) == 'morphing_bracelet'" },
        { "left_front_leg": "(query.get_equipped_item_name(0, 1) == 'filled_map' && query.get_equipped_item_name('off_hand') != 'shield') || (query.get_equipped_item_name('off_hand') == 'filled_map' && !query.item_is_charged) || (!query.item_is_charged && (variable.item_use_normalized > 0 && variable.item_use_normalized < 1.0))" }
      ]
    },
    "controller.render.morph.armadillo.third_person": {
      "geometry": "Geometry.armadillo",
      "materials": [ { "*": "Material.armadillo" } ],
      "textures": [ "Texture.armadillo" ],
      "part_visibility": [
        { "body": "!variable.use_rolled_up_model" },
        { "tail": "!variable.use_rolled_up_model" },
        { "left_hind_leg": "!variable.use_rolled_up_model" },
        { "right_hind_leg": "!variable.use_rolled_up_model" },
        { "body_rolled_up": "variable.use_rolled_up_model" }
      ]
    }
  }
}
