{
  "format_version": "1.8.0",
  "render_controllers": {
    "controller.render.armor": {
      "geometry": "Geometry.default",
      "materials": [ { "*": "variable.is_enchanted ? Material.enchanted : Material.default" } ],
      "textures": [ "variable.has_trim ? variable.trim_path : Texture.default", "Texture.enchanted" ],
      "part_visibility": [
        { "*": "query.is_owner_identifier_any('minecraft:player') ? (query.property('morph:entity') == 0 || query.property('morph:entity') == 1 || query.property('morph:entity') == 3 || query.property('morph:entity') == 11 || query.property('morph:entity') == 13 || query.property('morph:entity') == 15 || query.property('morph:entity') == 19 || query.property('morph:entity') == 21 || query.property('morph:entity') == 25 || query.property('morph:entity') == 31 || query.property('morph:entity') == 79) : true" }
      ]
    }
  }
}
