{
    "format_version": "1.8.0",
    "render_controllers": {
      "controller.render.morph.bee": {
        "arrays": {
            "textures": {
              "array.skins": [
                "texture.bee",
                "texture.bee_nectar",
                "texture.bee_angry",
                "texture.bee_angry_nectar"
              ]
            }
        },
        "geometry": "Geometry.bee",
        "materials": [ { "*": "Material.bee" } ],
        "textures": [ "array.skins[query.property('morph:bee_has_nectar') + query.is_angry * 2]" ]
      }
    }
  }