{
  "format_version": "1.8.0",
  "render_controllers": {
    "controller.render.morph.bogged.first_person": {
      "rebuild_animation_matrices": true,
      "geometry": "Geometry.bogged",
      "materials": [ { "*": "Material.bogged" } ],
      "textures": [ "Texture.bogged" ],
      "part_visibility": [
        { "*": false },
        { "rightArm": "query.get_equipped_item_name(0, 1) == '' || query.get_equipped_item_name(0, 1) == 'filled_map' || query.get_equipped_item_name(0) == 'morphing_bracelet'" },
        { "leftArm": "(query.get_equipped_item_name(0, 1) == 'filled_map' && query.get_equipped_item_name('off_hand') != 'shield') || (query.get_equipped_item_name('off_hand') == 'filled_map' && !query.item_is_charged) || (!query.item_is_charged && (variable.item_use_normalized > 0 && variable.item_use_normalized < 1.0))" }
      ]
    },
    "controller.render.morph.bogged.third_person": {
      "rebuild_animation_matrices": true,
      "geometry": "Geometry.bogged",
      "part_visibility": [
        { "mushrooms": "!query.is_sheared" }
      ],
      "materials": [ { "*": "Material.bogged" } ],
      "textures": [ "Texture.bogged" ]
    }
  }
}