{
  "format_version": "1.8.0",
  "render_controllers": {
    "controller.render.morph.camel.first_person": {
      "geometry": "Geometry.camel",
      "materials": [ { "*": "Material.camel" } ],
      "textures": [ "Texture.camel" ],
      "part_visibility": [
        { "*": false },
        { "right_front_leg": "query.get_equipped_item_name(0, 1) == '' || query.get_equipped_item_name(0, 1) == 'filled_map' || query.get_equipped_item_name(0) == 'morphing_bracelet'" },
        { "left_front_leg": "(query.get_equipped_item_name(0, 1) == 'filled_map' && query.get_equipped_item_name('off_hand') != 'shield') || (query.get_equipped_item_name('off_hand') == 'filled_map' && !query.item_is_charged) || (!query.item_is_charged && (variable.item_use_normalized > 0 && variable.item_use_normalized < 1.0))" }
      ]
    },
    "controller.render.morph.camel.third_person": {
      "geometry": "Geometry.camel",
      "materials": [ { "*": "Material.camel" } ],
      "textures": [ "Texture.camel" ],
      "part_visibility": [
        { "saddle": "query.is_saddled" },
        { "bridle": "query.is_saddled" },
        { "reins*" : "query.is_saddled && query.has_rider" }
      ]
    }
  }
}