{
  "format_version": "1.8.0",
  "render_controllers": {
    "controller.render.morph.cat.first_person": {
      "arrays": {
        "textures": {
          "Array.skins": [
            "Texture.cat_white",
            "Texture.cat_black",
            "Texture.cat_red",
            "Texture.cat_siamese",
            "Texture.cat_british",
            "Texture.cat_calico",
            "Texture.cat_persian",
            "Texture.cat_ragdoll",
            "Texture.cat_tabby",
            "Texture.cat_all_black",
            "Texture.cat_jellie"
          ],
          "Array.tame": [
            "Texture.cat_white_tame",
            "Texture.cat_black_tame",
            "Texture.cat_red_tame",
            "Texture.cat_siamese_tame",
            "Texture.cat_british_tame",
            "Texture.cat_calico_tame",
            "Texture.cat_persian_tame",
            "Texture.cat_ragdoll_tame",
            "Texture.cat_tabby_tame",
            "Texture.cat_all_black_tame",
            "Texture.cat_jellie_tame"
          ]
        }
      },
      "geometry": "Geometry.cat",
      "materials": [ { "*": "Material.cat" } ],
      "textures": [ "query.is_tamed ? Array.tame[query.variant] : Array.skins[query.variant]" ],
      "part_visibility": [
        { "*": false },
        { "frontLegR": "query.get_equipped_item_name(0, 1) == '' || query.get_equipped_item_name(0, 1) == 'filled_map' || query.get_equipped_item_name(0) == 'morphing_bracelet'" },
        { "frontLegL": "(query.get_equipped_item_name(0, 1) == 'filled_map' && query.get_equipped_item_name('off_hand') != 'shield') || (query.get_equipped_item_name('off_hand') == 'filled_map' && !query.item_is_charged) || (!query.item_is_charged && (variable.item_use_normalized > 0 && variable.item_use_normalized < 1.0))" }
      ],
      "color": {
        "r": "variable.color.r",
        "g": "variable.color.g",
        "b": "variable.color.b",
        "a": 1.0
      }
    },
    "controller.render.morph.cat.third_person": {
      "arrays": {
        "textures": {
          "Array.skins": [
            "Texture.cat_white",
            "Texture.cat_black",
            "Texture.cat_red",
            "Texture.cat_siamese",
            "Texture.cat_british",
            "Texture.cat_calico",
            "Texture.cat_persian",
            "Texture.cat_ragdoll",
            "Texture.cat_tabby",
            "Texture.cat_all_black",
            "Texture.cat_jellie"
          ],
          "Array.tame": [
            "Texture.cat_white_tame",
            "Texture.cat_black_tame",
            "Texture.cat_red_tame",
            "Texture.cat_siamese_tame",
            "Texture.cat_british_tame",
            "Texture.cat_calico_tame",
            "Texture.cat_persian_tame",
            "Texture.cat_ragdoll_tame",
            "Texture.cat_tabby_tame",
            "Texture.cat_all_black_tame",
            "Texture.cat_jellie_tame"
          ]
        }
      },
      "geometry": "Geometry.cat",
      "materials": [ { "*": "Material.cat" } ],
      "textures": [ "query.is_tamed ? Array.tame[query.variant] : Array.skins[query.variant]" ],
      "color": {
        "r": "variable.color.r",
        "g": "variable.color.g",
        "b": "variable.color.b",
        "a": 1.0
      }
    }
  }
}
