{
  "format_version": "1.8.0",
  "render_controllers": {
    "controller.render.morph.creeper.first_person": {
      "geometry": "Geometry.creeper",
      "materials": [ { "*": "Material.creeper" } ],
      "textures": [ "Texture.creeper" ],
      "part_visibility": [
        { "*": false },
        { "leg2": "query.get_equipped_item_name(0, 1) == '' || query.get_equipped_item_name(0, 1) == 'filled_map' || query.get_equipped_item_name(0) == 'morphing_bracelet'" },
        { "leg3": "(query.get_equipped_item_name(0, 1) == 'filled_map' && query.get_equipped_item_name('off_hand') != 'shield') || (query.get_equipped_item_name('off_hand') == 'filled_map' && !query.item_is_charged) || (!query.item_is_charged && (variable.item_use_normalized > 0 && variable.item_use_normalized < 1.0))" }
      ],
      "overlay_color": {
          "r": "(variable.flash != 0.0 && query.is_sneaking && !variable.has_exploded) ? 1.0 : this",
          "g": "(variable.flash != 0.0 && query.is_sneaking && !variable.has_exploded) ? 1.0 : this",
          "b": "(variable.flash != 0.0 && query.is_sneaking && !variable.has_exploded) ? 1.0 : this",
          "a": "(variable.flash != 0.0 && query.is_sneaking && !variable.has_exploded) ? 1.0 : this"
      }
    },
    "controller.render.morph.creeper.third_person": {
      "geometry": "Geometry.creeper",
      "materials": [ { "*": "Material.creeper" } ],
      "textures": [ "Texture.creeper" ],
      "overlay_color": {
          "r": "(variable.flash != 0.0 && query.is_sneaking && !variable.has_exploded) ? 1.0 : this",
          "g": "(variable.flash != 0.0 && query.is_sneaking && !variable.has_exploded) ? 1.0 : this",
          "b": "(variable.flash != 0.0 && query.is_sneaking && !variable.has_exploded) ? 1.0 : this",
          "a": "(variable.flash != 0.0 && query.is_sneaking && !variable.has_exploded) ? 1.0 : this"
      }
    }
  }
}
