{
  "format_version": "1.10.0",
  "render_controllers": {
    "controller.render.morph.drowned.first_person": {
      "geometry": "Geometry.drowned",
      "materials": [ { "*": "Material.drowned" } ],
      "textures": [ "Texture.drowned" ],
      "part_visibility": [
        { "*": false },
        { "rightArm": "query.get_equipped_item_name(0, 1) == '' || query.get_equipped_item_name(0, 1) == 'filled_map' || query.get_equipped_item_name(0) == 'morphing_bracelet'" },
        { "leftArm": "query.get_equipped_item_name(1, 1) == '' || query.get_equipped_item_name(1, 1) == 'filled_map'" }
      ]
    },
    "controller.render.morph.drowned.third_person": {
      "geometry": "Geometry.drowned",
      "materials": [ { "*": "Material.drowned" } ],
      "textures": [ "Texture.drowned" ]
    }
  }
}
