{
  "format_version": "1.8.0",
  "render_controllers": {
    "controller.render.morph.fox.first_person": {
      "arrays": {
        "textures": {
          "Array.skins": [
            "Texture.fox_red",
            "Texture.fox_arctic"
          ]
        }
      },
      "geometry": "Geometry.fox",
      "part_visibility": [
        { "*": false },
        { "leg2": "query.get_equipped_item_name(0, 1) == '' || query.get_equipped_item_name(0, 1) == 'filled_map' || query.get_equipped_item_name(0) == 'morphing_bracelet'" },
        { "leg3": "(query.get_equipped_item_name(0, 1) == 'filled_map' && query.get_equipped_item_name('off_hand') != 'shield') || (query.get_equipped_item_name('off_hand') == 'filled_map' && !query.item_is_charged) || (!query.item_is_charged && (variable.item_use_normalized > 0 && variable.item_use_normalized < 1.0))" }
      ],
      "materials": [ { "*": "Material.fox" } ],
      "textures": [ "Array.skins[query.variant]" ]
    },
    "controller.render.morph.fox.third_person": {
      "arrays": {
        "textures": {
          "Array.skins": [
            "Texture.fox_red",
            "Texture.fox_arctic"
          ]
        }
      },
      "geometry": "Geometry.fox",
      "part_visibility": [
        { "leg*": "!query.is_sleeping" },
        { "head": "!query.is_sleeping" },
        { "head_sleeping": "query.is_sleeping" }
      ],
      "materials": [ { "*": "Material.fox" } ],
      "textures": [ "Array.skins[query.variant]" ]
    }
  }
}
