{
  "format_version": "1.8.0",
  "render_controllers": {
    "controller.render.morph.panda.first_person": {
      "arrays": {
        "textures": {
          "Array.skins": [
            "Texture.panda",
            "Texture.panda_lazy",
            "Texture.panda_worried",
            "Texture.panda_playful",
            "Texture.panda_brown",
            "Texture.panda_weak",
            "Texture.panda_aggressive"
          ]
        }
      },
      "geometry": "Geometry.panda",
      "materials": [ { "*": "Material.panda" } ],
      "textures": [ "Array.skins[query.variant]" ],
      "part_visibility": [
        { "*": false },
        { "leg2": "query.get_equipped_item_name(0, 1) == '' || query.get_equipped_item_name(0, 1) == 'filled_map' || query.get_equipped_item_name(0) == 'morphing_bracelet'" },
        { "leg3": "(query.get_equipped_item_name(0, 1) == 'filled_map' && query.get_equipped_item_name('off_hand') != 'shield') || (query.get_equipped_item_name('off_hand') == 'filled_map' && !query.item_is_charged) || (!query.item_is_charged && (variable.item_use_normalized > 0 && variable.item_use_normalized < 1.0))" }
      ]
    },
    "controller.render.morph.panda.third_person": {
      "arrays": {
        "textures": {
          "Array.skins": [
            "Texture.panda",
            "Texture.panda_lazy",
            "Texture.panda_worried",
            "Texture.panda_playful",
            "Texture.panda_brown",
            "Texture.panda_weak",
            "Texture.panda_aggressive"
          ]
        }
      },
      "geometry": "Geometry.panda",
      "materials": [ { "*": "Material.panda" } ],
      "textures": [ "Array.skins[query.variant]" ]
    }
  }
}
