{
  "format_version": "1.8.0",
  "render_controllers": {
    "controller.render.morph.piglin_brute.first_person": {
      "geometry": "Geometry.piglin_brute",
      "materials": [ { "*": "Material.piglin_brute" } ],
      "textures": [ "Texture.piglin_brute" ],
      "part_visibility": [
        { "*": false },
        { "rightArm": "query.get_equipped_item_name(0, 1) == '' || query.get_equipped_item_name(0, 1) == 'filled_map' || query.get_equipped_item_name(0) == 'morphing_bracelet'" },
        { "leftArm": "(query.get_equipped_item_name(0, 1) == 'filled_map' && query.get_equipped_item_name('off_hand') != 'shield') || (query.get_equipped_item_name('off_hand') == 'filled_map' && !query.item_is_charged) || (!query.item_is_charged && (variable.item_use_normalized > 0 && variable.item_use_normalized < 1.0))" }
      ]
    },
    "controller.render.morph.piglin_brute.third_person": {
      "geometry": "Geometry.piglin_brute",
      "materials": [ { "*": "Material.piglin_brute" } ],
      "textures": [ "Texture.piglin_brute" ]
    }
  }
}
