{
  "format_version": "1.8.0",
  "render_controllers": {
    "controller.render.morph.skeleton_horse.first_person": {
      "geometry": "Geometry.horse",
      "materials": [
        { "*": "Material.horse_alphatest" }
      ],
      "textures": [ "Texture.skeleton_horse" ],
      "part_visibility": [
        { "*": false },
        { "LegFR": "query.get_equipped_item_name(0, 1) == '' || query.get_equipped_item_name(0, 1) == 'filled_map' || query.get_equipped_item_name(0) == 'morphing_bracelet'" },
        { "LegFL": "(query.get_equipped_item_name(0, 1) == 'filled_map' && query.get_equipped_item_name('off_hand') != 'shield') || (query.get_equipped_item_name('off_hand') == 'filled_map' && !query.item_is_charged) || (!query.item_is_charged && (variable.item_use_normalized > 0 && variable.item_use_normalized < 1.0))" }
      ]
    },
    "controller.render.morph.skeleton_horse.third_person": {
      "part_visibility": [
        { "Saddle": false },
        { "Bit*": false },
        { "Bridle": false },
        { "Reins*" : false },
        { "Bag*" : false },
        { "MuleEar*" : false}
      ],
      "geometry": "Geometry.horse",
      "materials": [
        { "*": "Material.horse_alphatest" }
      ],
      "textures": [ "Texture.skeleton_horse" ]
    }
  }
}
