{
  "format_version": "1.8.0",
  "render_controllers": {
    "controller.render.morph.snow_golem": {
      "arrays": {
        "textures": {
          "Array.skins": [ "Texture.snow_golem" ]
        }
      },
      "geometry": "Geometry.snow_golem",
      "materials": [
        { "*": "Material.snow_golem" }
      ],
      "textures": [ "Array.skins[0]" ]
    },
    "controller.render.morph.snow_golem_pumpkin": {
      "geometry": "Geometry.snow_golem_head",
      "materials": [ { "*": "Material.snow_golem_head" } ],
      "textures": [ "Texture.snow_golem_head" ],
      "part_visibility": [
        { "*": "!query.is_sheared" }
      ]
    }
  }
}
