{
  "format_version": "1.8.0",
  "render_controllers": {
    "controller.render.morph.tropical_fish.base": {
      "arrays": {
        "geometries": {
          "Array.models": [ "Geometry.tropical_fish_typeA", "Geometry.tropical_fish_typeB" ]
        },
        "textures": {
          "Array.types": [ "Texture.tropical_fish_typeA", "Texture.tropical_fish_typeB" ]
        }
      },
      "geometry": "Array.models[query.variant]",
      "materials": [ { "*": "Material.tropical_fish" } ],
      "textures": [ "Array.types[query.variant]" ],
      "color": {
        "r": "variable.color.r",
        "g": "variable.color.g",
        "b": "variable.color.b",
        "a": 1.0
      }
    },
    "controller.render.morph.tropical_fish.pattern": {
      "arrays": {
        "geometries": {
          "Array.models": [ "Geometry.tropical_fish_typeA", "Geometry.tropical_fish_typeB" ]
        },
        "textures": {
          "Array.patterns": [
            "Texture.tropical_fish_aPattern1",
            "Texture.tropical_fish_aPattern2",
            "Texture.tropical_fish_aPattern3",
            "Texture.tropical_fish_aPattern4",
            "Texture.tropical_fish_aPattern5",
            "Texture.tropical_fish_aPattern6",
            "Texture.tropical_fish_bPattern1",
            "Texture.tropical_fish_bPattern2",
            "Texture.tropical_fish_bPattern3",
            "Texture.tropical_fish_bPattern4",
            "Texture.tropical_fish_bPattern5",
            "Texture.tropical_fish_bPattern6"
          ]
        }
      },
      "geometry": "Array.models[query.variant]",
      "materials": [ { "*": "Material.tropical_fish" } ],
      "textures": [ "Array.patterns[query.mark_variant + (query.variant * 6)]" ],
      "color": {
        "r": "variable.color2.r",
        "g": "variable.color2.g",
        "b": "variable.color2.b",
        "a": 1.0
      }
    }
  }
}
