{
  "format_version": "1.8.0",
  "render_controllers": {
    "controller.render.morph.zombified_piglin.first_person": {
      "geometry": "Geometry.zombified_piglin",
      "materials": [ { "*": "Material.zombified_piglin" } ],
      "textures": [ "Texture.zombified_piglin" ],
      "part_visibility": [
        { "*": false },
        { "rightArm": "query.get_equipped_item_name(0, 1) == '' || query.get_equipped_item_name(0, 1) == 'filled_map' || query.get_equipped_item_name(0) == 'morphing_bracelet'" },
        { "leftArm": "query.get_equipped_item_name(1, 1) == '' || query.get_equipped_item_name(1, 1) == 'map'" }
      ]
    },
    "controller.render.morph.zombified_piglin.third_person": {
      "geometry": "Geometry.zombified_piglin",
      "materials": [ { "*": "Material.zombified_piglin" } ],
      "textures": [ "Texture.zombified_piglin" ]
    }
  }
}
