{
  "format_version": "1.10.0",
  "animation_controllers": {
    "controller.animation.morph.warden.sprint": {
      "initial_state": "default",
      "states": {
        "default": {
          "transitions": [
            {
              "normal": "!query.is_sprinting && query.property('morph:entity') == 69"
            },
            {
              "sprinting": "query.is_sprinting && query.property('morph:entity') == 69"
            }
          ]
        },
        "normal": {
          "on_entry": [
            "@s morph:warden_normal_speed"
          ],
          "transitions": [
            {
              "sprinting": "query.is_sprinting"
            },
            {
              "default": "query.property('morph:entity') != 69"
            }
          ]
        },
        "sprinting": {
          "on_entry": [
            "@s morph:warden_sprinting_speed"
          ],
          "transitions": [
            {
              "normal": "!query.is_sprinting"
            },
            {
              "default": "query.property('morph:entity') != 69"
            }
          ]
        }
      }
    }
  }
}