{
   "entity_sounds" : {
      "entities" : {
         "player" : {
            "events" : {
               "attack.nodamage" : "game.player.attack.nodamage",
               "attack.strong" : "game.player.attack.strong",
               "death" : "",
               "death.in.water" : "",
               "elderguardian.curse" : {
                  "pitch" : 1.0,
                  "sound" : "mob.elderguardian.curse",
                  "volume" : 1.0
               },
               "hurt" : "",
               "hurt.in.water" : "",
               "throw" : {
                  "pitch" : [ 0.330, 0.50 ],
                  "sound" : "random.bow",
                  "volume" : 0.50
               },
               "heartbeat" : {
                  "pitch" : 1.0,
                  "sound" : "mob.warden.heartbeat",
                  "volume" : 5.0
               },
               "flap" : {
                  "sound" : "mob.enderdragon.flap",
                  "volume" : 80.0
               },
               "reflect" : {
                  "pitch" : 1.0,
                  "sound" : "mob.breeze.deflect",
                  "volume" : 1.0
               }
            },
            "pitch" : [ 0.80, 1.20 ],
            "volume" : 1.0
         }
      }
   },
   "individual_event_sounds" : {
      "events" : {
         "block.sweet_berry_bush.hurt" : {
            "pitch" : 1.0,
            "sound" : "",
            "volume" : 1.0
         },
         "mob.player.hurt_drown" : {
            "pitch" : 1.0,
            "sound" : "",
            "volume" : 1.0
         },
         "mob.player.hurt_freeze" : {
            "pitch" : 1.0,
            "sound" : "",
            "volume" : 1.0
         },
         "mob.player.hurt_on_fire" : {
            "pitch" : 1.0,
            "sound" : "",
            "volume" : 1.0
         }
      }
   }
}
