{
  "format_version": "1.10.0",
  "particle_effect": {
    "description": {
      "identifier": "morph:breeze_ground_particle",
      "basic_render_parameters": {
        "material": "particles_alpha",
        "texture": "atlas.terrain"
      }
    },
    "components": {
      "minecraft:emitter_rate_instant": {
        "num_particles": "variable.ground_particle_amount"
      },
      "minecraft:emitter_lifetime_once": {
        "active_time": 0.1
      },
      "minecraft:emitter_shape_point": {
        "direction": [ "math.random( -0.1, 0.1 )", "math.random( 0.1, 0.2 )", "math.random( -0.1, 0.1 )" ],
        "offset": [ 0, -1.52, 0 ]
      },
      "minecraft:particle_lifetime_expression": {
        "max_lifetime": "math.random( 1, 1.1 )"
      },
      "minecraft:particle_initial_speed": "variable.ground_particle_initial_speed",
      "minecraft:particle_motion_dynamic": {
        "linear_acceleration": [ 0, -9.8, 0 ],
        "linear_drag_coefficient": 0.5
      },
      "minecraft:particle_appearance_billboard": {
        "size": [ "variable.particle_random_1 * 0.0375 + 0.0375", "variable.particle_random_1 * 0.0375 + 0.0375" ],
        "facing_camera_mode": "lookat_xyz",
        "uv": {
          "texture_width": 1,
          "texture_height": 1,
          "uv": [ "variable.ground_particle_texture_coordinate.u + (variable.ground_particle_texture_size.u/4) * (variable.particle_random_1*3)", "variable.ground_particle_texture_coordinate.v + (variable.ground_particle_texture_size.v/4) * (variable.particle_random_2*3)" ],
          "uv_size": [ "variable.ground_particle_texture_size.u/4", "variable.ground_particle_texture_size.v/4" ]
        }
      },
      "minecraft:particle_motion_collision": {
        "coefficient_of_restitution": 0.1,
        "collision_drag": 5,
        "collision_radius": 0.1
      },
      "minecraft:particle_appearance_tinting": {
        "color": [ 0.7, 0.7, 0.7 ]
      },
      "minecraft:particle_appearance_lighting": {}
    }
  }
}
