{
  "format_version": "1.10.0",
  "particle_effect": {
    "description": {
      "identifier": "morph:morphing_clouds",
      "basic_render_parameters": {
        "material": "particles_add",
        "texture": "textures/particle/morphing_clouds"
      }
    },
    "components": {
      "minecraft:emitter_rate_instant": {
        "num_particles": 100
      },
      "minecraft:emitter_lifetime_once": {
        "active_time": 0
      },
      "minecraft:emitter_shape_point": {
        "offset": [ 0.0, "math.random(0.0, 1.5)", 0.0 ],
        "direction": [ "math.random(-2.0, 2.0)", "math.random(-1.0, 1.0)", "math.random(-2.0, 2.0)" ]
      },
      "minecraft:particle_lifetime_expression": {
        "max_lifetime": "math.random(5.0, 10.0)"
      },
      "minecraft:particle_initial_speed": "math.random(0.0, 15.0)",
      "minecraft:particle_motion_dynamic": {
        "linear_acceleration": [ "(variable.particle_random_2 - 0.5) * 2", 0.0, "(variable.particle_random_3 - 0.5) * 2" ],
        "linear_drag_coefficient": 5
      },
      "minecraft:particle_appearance_billboard": {
        "size": [ 0.5, 0.5 ],
        "facing_camera_mode": "lookat_xyz",
        "uv": {
          "texture_width": 16,
          "texture_height": 192,
          "flipbook": {
            "base_UV": [ 0, 0 ],
            "size_UV": [ 16, 16 ],
            "step_UV": [ 0, 16 ],
            "max_frame": 12,
            "stretch_to_lifetime": true
          }
        }
      },
      "minecraft:particle_motion_collision": {
        "collision_radius": 0.5
      },
      "minecraft:particle_appearance_tinting": {
        "color": [ 0.0, "(variable.particle_random_1 * 0.5) + 0.25", "(variable.particle_random_1 * 0.5) + 0.25", 1.0 ]
      }
    }
  }
}