{
  "format_version": "1.10.0",
  "particle_effect": {
    "description": {
      "identifier": "morph:soul_orb",
      "basic_render_parameters": {
        "material": "particles_add",
        "texture": "textures/particle/particles"
      }
    },
		"curves": {
			"variable.size": {
				"type": "catmull_rom",
				"nodes": [ 0.0, 0.0, 0.5, 0.5, 0.0, 0.0 ],
				"input": "variable.particle_age",
				"horizontal_range": "variable.particle_lifetime"
			}
		},
    "components": {
      "minecraft:emitter_rate_instant": {
        "num_particles": 1
      },
      "minecraft:emitter_lifetime_once": {
        "active_time": 0
      },
      "minecraft:emitter_shape_point": {
        "direction": [ "variable.direction.x", "variable.direction.y", "variable.direction.z" ]
      },
      "minecraft:particle_lifetime_expression": {
        "max_lifetime": 0.5
      },
      "minecraft:particle_initial_speed": "variable.speed",
      "minecraft:particle_motion_dynamic": {
      },
      "minecraft:particle_appearance_billboard": {
        "size": [ "variable.size", "variable.size" ],
        "facing_camera_mode": "lookat_xyz",
        "uv": {
          "texture_width": 128,
          "texture_height": 128,
          "uv": [ 32, 16 ],
          "uv_size": [ 32, 32 ]
        }
      },
      "minecraft:particle_appearance_tinting": {
        "color": [ 0.0, 0.75, 1.0, 1.0 ]
      }
    }
  }
}