{
  "format_version": "1.8.0",
  "animations": {
    "animation.morph.armadillo.roll_up": {
      "loop": "hold_on_last_frame",
      "animation_length": 0.5,
      "bones": {
        "body": {
          "rotation": {
            "0.0": [ 0, 0, 0 ],
            "0.15": [ 0, 0, 0 ]
          },
          "position": {
            "0.0": [ 0, 0, 0 ],
            "0.15": [ 0, 5, 0 ],
            "0.2": [ 0, 6, -1 ],
            "0.25": [ 0, 6, -1 ],
            "0.4": [ 0, -1, -1 ]
          }
        },
        "tail": {
          "rotation": {
            "0.0": [ 0, 0, 0 ],
            "0.15": [ 0, 0, 0 ]
          },
          "position": {
            "0.0": [ 0, 0, 0 ],
            "0.15": [ 0, 0, 0 ],
            "0.2": [ 0, 0, -2 ],
            "0.25": [ 0, 0, -2 ]
          }
        },
        "head": {
          "rotation": {
            "0.0": [ 0, 0, 0 ],
            "0.15": [ 17.5, 0, 0 ],
            "0.25": [ -72.5, 0, 0 ]
          },
          "position": {
            "0.0": [ 0, 0, 0 ],
            "0.15": [ 0, -1, 0 ],
            "0.2": [ 0, 2, 1 ],
            "0.25": [ 0, 2, 1 ],
            "0.3": [ 0, 2, 6 ],
            "0.4": [ 0, 2, 7 ]
          }
        },
        "right_hind_leg": {
          "rotation": {
            "0.0": [ 0, 0, 0 ],
            "0.15": [ -35, 0, 0 ]
          },
          "position": {
            "0.0": [ 0, 0, 0 ],
            "0.15": [ 0, 5, -2 ],
            "0.2": [ 0, 8, -2 ],
            "0.25": [ 0, 8, -2 ],
            "0.4": [ 1, 3, -6 ]
          }
        },
        "left_hind_leg": {
          "rotation": {
            "0.0": [ 0, 0, 0 ],
            "0.15": [ -45, 0, 0 ]
          },
          "position": {
            "0.0": [ 0, 0, 0 ],
            "0.15": [ 0, 5, -2 ],
            "0.2": [ 0, 8, -2 ],
            "0.25": [ 0, 8, -2 ],
            "0.4": [ -1, 3, -6 ]
          }
        },
        "right_front_leg": {
          "rotation": {
            "0.0": [ 0, 0, 0 ],
            "0.15": [ "variable.is_first_person ? 0 : -27.5", 0, 0 ],
            "0.2": [ "variable.is_first_person ? 0 : -32.5", 0, 0 ],
            "0.25": [ "variable.is_first_person ? 0 : -85", 0, 0 ]
          },
          "position": {
            "0.0": [ 0, 0, 0 ],
            "0.15": [ 0, "variable.is_first_person ? 0 : 5", 0 ],
            "0.2": [ "variable.is_first_person ? 0 : -1", "variable.is_first_person ? 0 : 9", "variable.is_first_person ? 0 : -1" ],
            "0.25": [ "variable.is_first_person ? 0 : -1", "variable.is_first_person ? 0 : 9", "variable.is_first_person ? 0 : -1" ],
            "0.4": [ "variable.is_first_person ? 0 : -1", "variable.is_first_person ? 0 : 2", "variable.is_first_person ? 0 : 3" ]
          }
        },
        "left_front_leg": {
          "rotation": {
            "0.0": [ 0, 0, 0 ],
            "0.15": [ "variable.is_first_person ? 0 : -12.5", 0, 0 ],
            "0.2": [ "variable.is_first_person ? 0 : -35", 0, 0 ],
            "0.25": [ "variable.is_first_person ? 0 : -85", 0, 0 ]
          },
          "position": {
            "0.0": [ 0, 0, 0 ],
            "0.15": [ 0, "variable.is_first_person ? 0 : 5", 0 ],
            "0.2": [ "variable.is_first_person ? 0 : 1", "variable.is_first_person ? 0 : 9", "variable.is_first_person ? 0 : -1" ],
            "0.25": [ "variable.is_first_person ? 0 : 1", "variable.is_first_person ? 0 : 9", "variable.is_first_person ? 0 : -1" ],
            "0.4": [ "variable.is_first_person ? 0 : 1", "variable.is_first_person ? 0 : 2", "variable.is_first_person ? 0 : 3" ]
          }
        },
        "body_rolled_up": {
          "rotation": {
            "0.0": [ 0, 0, 0 ],
            "0.15": [ 0, 0, 0 ],
            "0.4": [ -2.5, 0, 0 ],
            "0.45": [ 5, 0, 0 ],
            "0.5": [ 0, 0, 0 ]
          },
          "position": {
            "0.0": [ 0, 3, 0 ],
            "0.15": [ 0, 8, 0 ],
            "0.2": [ 0, 7, 0 ],
            "0.25": [ 0, 7, 0 ],
            "0.4": [ 0, 1, 0 ],
            "0.45": [ 0, 0.6, 0 ],
            "0.5": [ 0, 0, 0 ]
          }
        }
      },
      "sound_effects": {
        "0.0": { "effect": "armadillo_roll" },
        "0.475": { "effect": "armadillo_land" }
      }
    },
    "animation.morph.armadillo.rolled_up": {
      "loop": "hold_on_last_frame",
      "bones": {
        "body": {
          "rotation": [ 0, 0, 0 ],
          "position": [ 0, -1, -1 ]
        },
        "tail": {
          "rotation": [ 0, 0, 0 ],
          "position": [ 0, 0, -2 ]
        },
        "head": {
          "rotation": [ -72.5, 0, 0 ],
          "position": [ 0, 2, 7 ]
        },
        "right_hind_leg": {
          "rotation": [ -35, 0, 0 ],
          "position": [ 1, 3, -6 ]
        },
        "left_hind_leg": {
          "rotation": [ -45, 0, 0 ],
          "position": [ -1, 3, -6 ]
        },
        "right_front_leg": {
          "rotation": [ "variable.is_first_person ? 0 : -85", 0, 0 ],
          "position": [ "variable.is_first_person ? 0 : -1", "variable.is_first_person ? 0 : 2", "variable.is_first_person ? 0 : 3" ]
        },
        "left_front_leg": {
          "rotation": [ "variable.is_first_person ? 0 : -85", 0, 0 ],
          "position": [ "variable.is_first_person ? 0 : 1", "variable.is_first_person ? 0 : 2", "variable.is_first_person ? 0 : 3" ]
        },
        "body_rolled_up": {
          "rotation": [ 0, 0, 0 ],
          "position": [ 0, 0, 0 ]
        }
      }
    },
    "animation.morph.armadillo.unroll_fast": {
      "animation_length": 0.05,
      "loop": "hold_on_last_frame",
      "bones": {
        "body": {
          "rotation": [ 0, 0, 0 ],
          "position": [ 0, -1, -1 ]
        },
        "tail": {
          "rotation": [ 0, 0, 0 ],
          "position": [ 0, 0, -2 ]
        },
        "head": {
          "rotation": [ -72.5, 0, 0 ],
          "position": [ 0, 2, 7 ]
        },
        "right_hind_leg": {
          "rotation": [ -35, 0, 0 ],
          "position": [ 1, 3, -6 ]
        },
        "left_hind_leg": {
          "rotation": [ -45, 0, 0 ],
          "position": [ -1, 3, -6 ]
        },
        "right_front_leg": {
          "rotation": [ "variable.is_first_person ? 0 : -85", 0, 0 ],
          "position": [ "variable.is_first_person ? 0 : -1", "variable.is_first_person ? 0 : 2", "variable.is_first_person ? 0 : 3" ]
        },
        "left_front_leg": {
          "rotation": [ "variable.is_first_person ? 0 : -85", 0, 0 ],
          "position": [ "variable.is_first_person ? 0 : 1", "variable.is_first_person ? 0 : 2", "variable.is_first_person ? 0 : 3" ]
        },
        "body_rolled_up": {
          "rotation": [ 0, 0, 0 ],
          "position": [ 0, 0, 0 ]
        }
      },
      "sound_effects": {
        "0.0": { "effect": "armadillo_unroll_finish" }
      }
    }
  }
}
