{
	"format_version": "1.8.0",
	"animations": {
		"animation.morph.bat.resting": {
			"loop": true,
			"bones": {
				"Head": {
					"rotation": ["query.target_x_rotation", "query.target_y_rotation", 0],
					"position": [0, 0.3, 0]
				},
				"body": {
					"position": [0, 0.3, 0]
				},
				"feet": {
					"rotation": [0, 0, 0]
				},
				"rightWing": {
					"rotation": [0, -10, 0],
					"position": [0, 0, 1]
				},
				"rightWingTip": {
					"rotation": [0, -120, 0]
				},
				"leftWing": {
					"rotation": [0, 10, 0],
					"position": [0, 0, 1]
				},
				"leftWingTip": {
					"rotation": [0, 120, 0]
				}
			}
		},
		"animation.morph.bat.look_at_target": {
			"loop": true,
			"bones": {
				"Head": {
					"rotation": [0, "query.target_y_rotation", 0]
				},
				"body": {
					"rotation": [0, "query.target_y_rotation", 0]
				}
			}
		}
	}
}