{
  "format_version": "1.8.0",
  "animations": {
    "animation.morph.breeze.idle_ground_particles": {
      "loop": true,
      "animation_length": 0.1,
      "particle_effects": {
        "0.0": {
          "effect": "breeze_ground_particles",
          "pre_effect_script": "variable.ground_particle_amount = 1; variable.ground_particle_initial_speed = math.random( 2, 3 ); variable.ground_particle_texture_coordinate = query.surface_particle_texture_coordinate; variable.ground_particle_texture_size = query.surface_particle_texture_size;"
        }
      }
    },
    "animation.morph.breeze.slide_ground_particles": {
      "loop": true,
      "animation_length": 0.1,
      "particle_effects": {
        "0.0": {
          "effect": "breeze_ground_particles",
          "pre_effect_script": "variable.ground_particle_amount = 5; variable.ground_particle_initial_speed = math.random( 3, 4 ); variable.ground_particle_texture_coordinate = query.surface_particle_texture_coordinate; variable.ground_particle_texture_size = query.surface_particle_texture_size;"
        }
      }
    },
    "animation.morph.breeze.whirl_sound": {
      "loop": true,
      "animation_length": 1.5,
      "sound_effects": {
        "0.0": {
          "effect": "breeze_whirl"
        }
      }
    },
    "animation.morph.breeze.jump": {
      "animation_length": 1.125,
      "bones": {
        "body": {
          "position": {
            "0.0": [ 0, 0, 0 ],
            "0.5": [ 0, -10, 0 ],
            "0.625": [ 0, -10, 0 ],
            "0.75": [ 0, 11, 0 ],
            "1.125": [ 0, 0, 0 ]
          }
        },
        "head": {
          "rotation": {
            "0.0": [ 0, 0, 0 ],
            "0.5": [ 22.5, 0, 0 ],
            "0.625": [ 22.5, 0, 0 ],
            "0.8333": [ -19.25, 0, 0 ],
            "1.125": [ 0, 0, 0 ]
          }
        },
        "tornado_body": {
          "scale": {
            "0.0": [ 1, 1, 1 ],
            "0.5": [ 1, 1, 1 ],
            "0.625": [ 1, 1, 1 ],
            "0.75": [ 1, 1.3, 1 ],
            "1.125": [ 1, 1, 1 ]
          }
        },
        "tornado_bottom": {
          "rotation": {
            "0.0": [ 0, 0, 0 ],
            "0.625": [ 0, 90, 0 ],
            "1.125": [ 0, 360, 0 ]
          },
          "scale": {
            "0.0": [ 1, 1, 1 ],
            "0.5": [ 1, 1, 1 ],
            "0.625": [ 1, 1, 1 ],
            "0.75": [ 1, 1.1, 1 ],
            "1.125": [ 1, 1, 1 ]
          }
        },
        "tornado_mid": {
          "rotation": {
            "0.0": [ 0, 0, 0 ],
            "0.625": [ 0, 0, 0 ],
            "1.125": [ 0, 180, 0 ]
          },
          "position": {
            "0.0": [ 0, 0, 0 ],
            "0.5": [ 0, -6, 0 ],
            "0.625": [ 0, -6, 0 ],
            "0.75": [ 0, 2, 0 ],
            "1.125": [ 0, 0, 0 ]
          }
        },
        "tornado_top": {
          "rotation": {
            "0.0": [ 0, 0, 0 ],
            "0.625": [ 0, 0, 0 ],
            "1.125": [ 0, 90, 0 ]
          },
          "position": {
            "0.0": [ 0, 0, 0 ],
            "0.5": [ 0, -5, 0 ],
            "0.625": [ 0, -5, 0 ],
            "0.75": [ 0, 2, 0 ],
            "1.125": [ 0, 0, 0 ]
          }
        },
        "rods": {
          "rotation": {
            "0.0": [ 0, 0, 0 ],
            "0.8333": [ 0, 360, 0 ]
          }
        }
      },
      "particle_effects": {
        "0.75": {
          "effect": "breeze_ground_particles",
          "pre_effect_script": "variable.ground_particle_amount = math.round(math.random( 3, 4)); variable.ground_particle_initial_speed = math.random( 5, 6 ); variable.ground_particle_texture_coordinate = query.surface_particle_texture_coordinate; variable.ground_particle_texture_size = query.surface_particle_texture_size;"
        }
      }
    }
  }
}
