{
	"format_version": "1.8.0",
	"animations": {
		"animation.morph.cat.sprint": {
			"loop": true,
			"bones": {
				"backlegl": {
					"rotation": ["math.cos(query.modified_distance_moved * 38.17) * 57.3 * query.modified_move_speed", 0, 0]
				},
				"backlegr": {
					"rotation": ["math.cos(query.modified_distance_moved * 38.17 + 180.0) * 57.3 * query.modified_move_speed", 0, 0]
				},
				"frontlegl": {
					"rotation": ["math.cos(query.modified_distance_moved * 38.17 + 180.0) * 57.3 * query.modified_move_speed", 0, 0]
				},
				"frontlegr": {
					"rotation": ["math.cos(query.modified_distance_moved * 38.17) * 57.3 * query.modified_move_speed", 0, 0]
				},
				"tail1": {
					"rotation": [0, 0, 0]
				},
				"tail2": {
					"rotation": ["62.0 + math.cos(query.modified_distance_moved * 57.3) * 18.0 * query.modified_move_speed", 0, 0]
				}
			}
		},
		"animation.morph.cat.lie_down": {
			"loop": true,
			"bones": {
				"backlegl": {
					"position": [0, -0.7, 0],
					"rotation": [-22.92, 0, 0]
				},
				"backlegr": {
					"position": [0.1, -1.2, 0],
					"rotation": [28.65, 0, -28.65]
				},
				"body": {
					"position": [0, -7.5, 0],
					"rotation": [0, 0, 90]
				},
				"frontlegl": {
					"position": [0, -1, -1.5],
					"rotation": [-72.81, 0, 0]
				},
				"frontlegr": {
					"position": [0.2, -0.9, 0],
					"rotation": [-30, 0, -14.46]
				},
				"head": {
					"position": [-0.1, 0, -0.5],
					"rotation": [-10, 75.81, -90]
				},
				"tail1": {
					"position": [0, 0, 0],
					"rotation": [-33.84, 0, 0]
				},
				"tail2": {
					"position": [0, 0, 0],
					"rotation": [-68.92, 0, 0]
				}
			}
		}
	}
}