{
	"format_version": "1.8.0",
	"animations": {
		"animation.morph.cod.flop": {
			"loop": true,
			"bones": {
				"body": {
					"position": [-2, 0, 0],
					"rotation": [0, "math.cos((query.time_stamp + query.frame_alpha) * 45.0) * 2.0", 90]
				},
				"head": {
					"rotation": [0, "math.cos((query.time_stamp + query.frame_alpha) * 45.0) * 4.0", 0]
				},
				"tailfin": {
					"rotation": [0, "math.cos((query.time_stamp + query.frame_alpha) * 45.0) * -25.75", 0]
				}
			}
		},
		"animation.morph.cod.swim": {
			"loop": true,
			"bones": {
				"body": {
					"rotation": [0, "math.cos((query.time_stamp + query.frame_alpha) * 30.0) * 2.0", 0]
				},
				"head": {
					"rotation": [0, "math.cos((query.time_stamp + query.frame_alpha) * 30.0) * 4.0", 0]
				},
				"tailfin": {
					"rotation": [0, "math.cos((query.time_stamp + query.frame_alpha) * 30.0) * -25.75", 0]
				}
			}
		},
		"animation.morph.cod.look_at_target": {
			"loop": true,
			"bones": {
				"body": {
					"rotation": [ 0.0, "query.target_y_rotation", 0.0 ]
				}
			}
		}
	}
}