{
	"format_version": "1.8.0",
	"animations": {
		"animation.morph.hoglin.walk": {
			"loop": true,
			"bones": {
				"left_ear": {
					"rotation": [0, 0, "-((Math.cos(query.modified_distance_moved * 38.17) * query.modified_move_speed / variable.gliding_speed_value) * 57.3) * 0.5"]
				},
				"right_ear": {
					"rotation": [0, 0, "((Math.cos(query.modified_distance_moved * 38.17) * query.modified_move_speed / variable.gliding_speed_value) * 57.3) * 0.5"]
				},
				"leg_back_right": {
					"rotation": ["(Math.cos(query.modified_distance_moved * 38.17) * query.modified_move_speed / variable.gliding_speed_value) * 57.3", 0, 0]
				},
				"leg_back_left": {
					"rotation": ["-(Math.cos(query.modified_distance_moved * 38.17) * query.modified_move_speed / variable.gliding_speed_value) * 57.3", 0, 0]
				},
				"leg_front_right": {
					"rotation": ["-(Math.cos(query.modified_distance_moved * 38.17) * query.modified_move_speed / variable.gliding_speed_value) * 57.3", 0, 0]
				},
				"leg_front_left": {
					"rotation": ["(Math.cos(query.modified_distance_moved * 38.17) * query.modified_move_speed / variable.gliding_speed_value) * 57.3", 0, 0]
				}
			}
		},
		"animation.morph.hoglin.attack": {
			"loop": true,
			"bones": {
				"head": {
					"rotation": ["Math.sin(variable.attack_time * 180.0) * -37.3", 0, 0]
				}
			}
		}
	}
}