{
	"format_version" : "1.8.0",
	"animations" : {
		"animation.morph.horse.look_at_player" : {
			"loop" : true,
			"bones" : {
				"neck" : {
					"rotation" : [ "(query.target_x_rotation + (query.modified_move_speed > 0.2 ? (math.cos(query.modified_distance_moved * 11.46 * variable.horse_speed) * 11.46 * query.modified_move_speed + query.modified_move_speed * 11.46) : 0.0)) * (1.0 - variable.stand_anim)", "math.clamp(query.target_y_rotation, -20, 20) * (1.0 - variable.stand_anim)", 0.0 ]
				}
			}
		}
	}
}