{
	"format_version": "1.8.0",
	"animations": {
		"animation.humanoid.sneaking": {
			"loop": true,
			"bones": {
				"body": {
					"position": [0, -1.5, 0],
					"rotation": ["28.0 - this", 0, 0]
				},
				"head": {
					"position": [0, -1, 0]
				},
				"leftarm": {
					"rotation": [-5.7, 0, 0]
				},
				"leftleg": {
					"rotation": [-28, -0.1, -0.1]
				},
				"rightarm": {
					"rotation": [-5.7, 0, 0]
				},
				"rightleg": {
					"rotation": [-28, 0.1, 0.1]
				}
			}
		}
	}
}