{
	"format_version": "1.8.0",
	"animations": {
		"animation.morph.items": {
			"loop": true,
			"bones": {
				"rightItem": {
					"scale": "query.property('morph:entity') == 1 || query.property('morph:entity') == 3 || query.property('morph:entity') == 11 || query.property('morph:entity') == 13 || query.property('morph:entity') == 15 || query.property('morph:entity') == 19 || query.property('morph:entity') == 21 || query.property('morph:entity') == 25 || query.property('morph:entity') == 27 || query.property('morph:entity') == 31 || query.property('morph:entity') == 35 || query.property('morph:entity') == 41 || query.property('morph:entity') == 79 ? 1.0 : 0.0"
				},
				"leftItem": {
					"scale": "query.property('morph:entity') == 1 || query.property('morph:entity') == 3 || query.property('morph:entity') == 11 || query.property('morph:entity') == 13 || query.property('morph:entity') == 15 || query.property('morph:entity') == 19 || query.property('morph:entity') == 21 || query.property('morph:entity') == 25 || query.property('morph:entity') == 27 || query.property('morph:entity') == 31 || query.property('morph:entity') == 35 || query.property('morph:entity') == 41 || query.property('morph:entity') == 79 ? 1.0 : 0.0"
				}
			}
		},
		"animation.morph.sleeping": {
			"loop": true,
			"override_previous_animation": true,
			"bones": {
				"head": {
					"rotation": ["30.0 - this", "-this", "-this"]
				},
				"body": {
					"position": ["24.0 * math.cos(query.body_y_rotation) * math.cos(query.sleep_rotation) - 24.0 * math.sin(query.body_y_rotation) * math.sin(query.sleep_rotation)", 0, "24.0 * math.cos(query.body_y_rotation) * math.sin(query.sleep_rotation) + 24.0 * math.sin(query.body_y_rotation) * math.cos(query.sleep_rotation)"],
					"rotation": [-90, "270.0 - query.sleep_rotation - query.body_y_rotation", 0]
				}
			}
		},
		"animation.morph.swimming.feet": {
			"loop": true,
			"override_previous_animation": true,
			"bones": {
				"leftarm": {
					"rotation": {
						"0": [0, 180, 180],
						"0.7": [0, 180, 287.2],
						"1.1": [90, 180, 180],
						"1.3": [0, 180, 180]
					}
				},
				"rightarm": {
					"rotation": {
						"0": [0, 180, -180],
						"0.7": [0, 180, -287.2],
						"1.1": [90, 180, -180],
						"1.3": [0, 180, -180]
					}
				},
				"leftleg" : {
					"rotation" : [ "math.lerp(0.0, math.cos(query.life_time * 390.0 + 180.0) * 17.2, variable.swim_amount)", 0.0, 0.0 ]
				},
				"rightleg" : {
					"rotation" : [ "math.lerp(0.0, math.cos(query.life_time * 390.0) * 17.2, variable.swim_amount)", 0.0, 0.0 ]
				},
				"body": {
					"position": [0, "(math.sin(query.target_x_rotation) * 24.0 + 3.0) * variable.swim_amount", "(math.cos(query.target_x_rotation) * 24.0 + 9.0) * variable.swim_amount"],
					"rotation": ["variable.swim_amount * (90 + query.target_x_rotation)", 0, 0]
				}
			}
		},
		"animation.morph.swimming.neck": {
			"loop": true,
			"override_previous_animation": true,
			"bones": {
				"leftarm": {
					"rotation": {
						"0": [0, 180, 180],
						"0.7": [0, 180, 287.2],
						"1.1": [90, 180, 180],
						"1.3": [0, 180, 180]
					}
				},
				"rightarm": {
					"rotation": {
						"0": [0, 180, -180],
						"0.7": [0, 180, -287.2],
						"1.1": [90, 180, -180],
						"1.3": [0, 180, -180]
					}
				},
				"leftleg" : {
					"rotation" : [ "math.lerp(0.0, math.cos(query.life_time * 390.0 + 180.0) * 17.2, variable.swim_amount)", 0.0, 0.0 ]
				},
				"rightleg" : {
					"rotation" : [ "math.lerp(0.0, math.cos(query.life_time * 390.0) * 17.2, variable.swim_amount)", 0.0, 0.0 ]
				},
				"body": {
					"position": [0, "variable.swim_amount * -24.0", "variable.swim_amount * 12.0"],
					"rotation": ["variable.swim_amount * (90 + query.target_x_rotation)", 0, 0]
				}
			}
		},
		"animation.morph.sneaking": {
			"loop": true,
			"bones": {
				"body": {
					"position": [0, -1.8, 0],
					"rotation": [0, 0, 0]
				},
				"head": {
					"position": [0, -0.8, 0],
					"rotation": [0, 0, 0]
				},
				"leftleg": {
					"position": [0, 1.6, 0],
					"rotation": [0, 0, 0]
				},
				"rightleg": {
					"position": [0, 1.6, 0],
					"rotation": [0, 0, 0]
				},
				"leg0": {
					"position": [0, 1.6, 0],
					"rotation": [0, 0, 0]
				},
				"leg1": {
					"position": [0, 1.6, 0],
					"rotation": [0, 0, 0]
				},
				"leg2": {
					"position": [0, 1.6, 0],
					"rotation": [0, 0, 0]
				},
				"leg3": {
					"position": [0, 1.6, 0],
					"rotation": [0, 0, 0]
				}
			}
		}
	}
}