{
	"format_version" : "1.8.0",
	"animations" : {
		"animation.morph.parrot.standing" : {
			"loop" : true,
			"bones" : {
				"leg0" : {
					"rotation" : [ "20.0 + (math.cos(query.modified_distance_moved * 38.17) * 80.0 * query.modified_move_speed)", 0.0, 0.0 ]
				},
				"leg1" : {
					"rotation" : [ "20.0 + (math.cos(query.modified_distance_moved * 38.17) * -80.0 * query.modified_move_speed)", 0.0, 0.0 ]
				},
				"tail" : {
					"rotation" : [ "60.0 + math.cos(query.anim_time * 38.17) * 17.0 - this", 0.0, 0.0 ]
				}
			}
		}
	}
}