{
	"format_version" : "1.8.0",
	"animations" : {
		"animation.morph.shulker.general" : {
			"loop" : true,
			"bones" : {
				"base" : {
					"rotation" : [ 0.0, "-query.body_y_rotation", 0.0 ],
					"scale" : 0.98
				},
				"lid" : {
					"position" : [ 0.0, "7.2 - math.sin(variable.shulker.lidpositionfactor * 1.16) * 7.5 + (variable.shulker.lidpositionfactor > 180 ? math.sin(query.life_time * 114.6) * 0.7 + 1.5: 0.0)", 0.0 ],
					"rotation" : [ 0.0, "variable.shulker.peekamount > 0.3 ? math.pow(variable.shulker.lidrotationfactor, 4) * 22.5 : 0.0", 0.0 ]
				}
			}
		}
	}
}
