{
	"format_version": "1.8.0",
	"animations": {
		"animation.morph.sniffer.walk": {
			"loop": true,
			"animation_length": 2,
			"anim_time_update" : "0.5 * query.modified_distance_moved",
			"bones": {
				"right_front_leg": {
					"rotation": {
						"0.0": [ 0, 0, 0 ],
						"0.5833": [ 35, 0, 0 ],
						"1.0": [ -35, 0, 0 ],
						"1.1667": [ 0, 0, 0 ],
						"2.0": [ 0, 0, 0 ]
					},
					"position": {
						"0.0": [ 0, 0, 3 ],
						"0.75": [ 0, 4, -1 ],
						"1.0": [ 0, 0, 0 ],
						"1.1667": [ 0, 0, -1 ],
						"2.0": [ 0, 0, 3 ]
					}
				},
				"right_mid_leg": {
					"rotation": {
						"0.0": [ -7, 0, 0 ],
						"0.1667": [ -35, 0, 0 ],
						"0.3333": [ 0, 0, 0 ],
						"1.0": [ 0, 0, 0 ],
						"1.1667": [ 0, 0, 0 ],
						"1.75": [ 35, 0, 0 ],
						"2.0": [ -7, 0, 0 ]
					},
					"position": {
						"0.0": [ 0, 2.67, -0.67 ],
						"0.1667": [ 0, 0, 0 ],
						"0.3333": [ 0, 0, -2 ],
						"1.0": [ 0, 0, 2 ],
						"1.1667": [ 0, 0, 3 ],
						"1.9167": [ 0, 4, -1 ],
						"2.0": [ 0, 2.67, -0.67 ]
					}
				},
				"right_hind_leg": {
					"rotation": {
						"0.0": [ 0, 0, 0 ],
						"0.5833": [ 0, 0, 0 ],
						"1.0": [ 25, 0, 0 ],
						"1.1667": [ 35, 0, 0 ],
						"1.5833": [ -35, 0, 0 ],
						"1.75": [ 0, 0, 0 ],
						"2.0": [ 0, 0, 0 ]
					},
					"position": {
						"0.0": [ 0, 0, -0.5 ],
						"0.5833": [ 0, 0, 2 ],
						"1.0": [ 0, 2.22, 0.78 ],
						"1.3333": [ 0, 4, -1 ],
						"1.5833": [ 0, 0, 0 ],
						"1.75": [ 0, 0, -2 ],
						"2.0": [ 0, 0, -0.5 ]
					}
				},
				"left_front_leg": {
					"rotation": {
						"0.0": [ -35, 0, 0 ],
						"0.1667": [ 0, 0, 0 ],
						"1.0": [ 0, 0, 0 ],
						"1.5833": [ 35, 0, 0 ],
						"2.0": [ -35, 0, 0 ]
					},
					"position": {
						"0.0": [ 0, 0, 0 ],
						"0.1667": [ 0, 0, -1 ],
						"1.0": [ 0, 0, 3 ],
						"1.75": [ 0, 4, -1 ],
						"2.0": [ 0, 0, 0 ]
					}
				},
				"left_mid_leg": {
					"rotation": {
						"0.0": [ 0, 0, 0 ],
						"0.1667": [ 0, 0, 0 ],
						"0.75": [ 35, 0, 0 ],
						"1.1667": [ -35, 0, 0 ],
						"1.3333": [ 0, 0, 0 ],
						"2.0": [ 0, 0, 0 ]
					},
					"position": {
						"0.0": [ 0, 0, 2 ],
						"0.1667": [ 0, 0, 3 ],
						"0.9167": [ 0, 4, -1 ],
						"1.1667": [ 0, 0, 0 ],
						"1.3333": [ 0, 0, -2 ],
						"2.0": [ 0, 0, 2 ]
					}
				},
				"left_hind_leg": {
					"rotation": {
						"0.0": [ 25, 0, 0 ],
						"0.1667": [ 35, 0, 0 ],
						"0.5833": [ -35, 0, 0 ],
						"0.75": [ 0, 0, 0 ],
						"1.0": [ 0, 0, 0 ],
						"1.5833": [ 0, 0, 0 ],
						"2.0": [ 25, 0, 0 ]
					},
					"position": {
						"0.0": [ 0, 2.22, 0.78 ],
						"0.3333": [ 0, 4, -1 ],
						"0.5833": [ 0, 0, 0 ],
						"0.75": [ 0, 0, -2 ],
						"1.0": [ 0, 0, -0.5 ],
						"1.5833": [ 0, 0, 2 ],
						"2.0": [ 0, 2.22, 0.78 ]
					}
				}
			}
		},
		"animation.morph.sniffer.bob": {
			"loop": true,
			"animation_length": 2,
			"anim_time_update" : "0.25 * query.modified_distance_moved",
			"bones": {
				"body": {
					"rotation": {
						"0.0": {
							"post": [ 1, 0, -2.5 ],
							"lerp_mode": "catmullrom"
						},
						"0.5": {
							"post": [ -1, 0, 0 ],
							"lerp_mode": "catmullrom"
						},
						"1.0": {
							"post": [ 1, 0, 2.5 ],
							"lerp_mode": "catmullrom"
						},
						"1.5": {
							"post": [ -1, 0, 0 ],
							"lerp_mode": "catmullrom"
						},
						"2.0": {
							"post": [ 1, 0, -2.5 ],
							"lerp_mode": "catmullrom"
						}
					},
					"position": {
						"0.0": {
							"post": [ 0, 0, 0 ],
							"lerp_mode": "catmullrom"
						},
						"0.2083": {
							"post": [ 0, 0, 0 ],
							"lerp_mode": "catmullrom"
						},
						"0.375": {
							"post": [ 0, -1, 0 ],
							"lerp_mode": "catmullrom"
						},
						"1.0": {
							"post": [ 0, 0, 0 ],
							"lerp_mode": "catmullrom"
						},
						"1.2083": {
							"post": [ 0, 0, 0 ],
							"lerp_mode": "catmullrom"
						},
						"1.375": {
							"post": [ 0, -1, 0 ],
							"lerp_mode": "catmullrom"
						},
						"2.0": {
							"post": [ 0, 0, 0 ],
							"lerp_mode": "catmullrom"
						}
					}
				},
				"head": {
					"rotation": {
						"0.0": {
							"post": [ 7.5, 0, 0 ],
							"lerp_mode": "catmullrom"
						},
						"0.1667": {
							"post": [ 9, 0, 0 ],
							"lerp_mode": "catmullrom"
						},
						"0.875": {
							"post": [ -1, 0, 0 ],
							"lerp_mode": "catmullrom"
						},
						"1.25": {
							"post": [ 7, 0, 0 ],
							"lerp_mode": "catmullrom"
						},
						"1.75": {
							"post": [ 5, 0, 0 ],
							"lerp_mode": "catmullrom"
						},
						"2.0": {
							"post": [ 7.5, 0, 0 ],
							"lerp_mode": "catmullrom"
						}
					}
				},
				"left_ear": {
					"rotation": {
						"0.0": {
							"post": [ 0, 0, -2.5 ],
							"lerp_mode": "catmullrom"
						},
						"0.5": {
							"post": [ 0, 0, -7.5 ],
							"lerp_mode": "catmullrom"
						},
						"1.0": {
							"post": [ 0, 0, -2.5 ],
							"lerp_mode": "catmullrom"
						},
						"1.5": {
							"post": [ 0, 0, -7.5 ],
							"lerp_mode": "catmullrom"
						},
						"2.0": {
							"post": [ 0, 0, -2.5 ],
							"lerp_mode": "catmullrom"
						}
					}
				},
				"right_ear": {
					"rotation": {
						"0.0": {
							"post": [ 0, 0, 2.5 ],
							"lerp_mode": "catmullrom"
						},
						"0.5": {
							"post": [ 0, 0, 7.5 ],
							"lerp_mode": "catmullrom"
						},
						"1.0": {
							"post": [ 0, 0, 2.5 ],
							"lerp_mode": "catmullrom"
						},
						"1.5": {
							"post": [ 0, 0, 7.5 ],
							"lerp_mode": "catmullrom"
						},
						"2.0": {
							"post": [ 0, 0, 2.5 ],
							"lerp_mode": "catmullrom"
						}
					}
				}
			}
		}
	}
}
