{
	"format_version": "1.8.0",
	"animations": {
		"animation.morph.squid.move": {
			"loop": true,
			"bones": {
				"body": {
					"position": [ 0.0, "query.is_baby ? 3.2 : 6.4", 0.0 ]
				},
				"tentacle1": {
					"rotation": ["math.clamp((math.cos(query.anim_time * 162.0) * 32.0 - this), 0.0, 256.0)", "90.0 - this", 0]
				},
				"tentacle2": {
					"rotation": ["math.clamp((math.cos(query.anim_time * 162.0) * 32.0 - this), 0.0, 256.0)", "45.0 - this", 0]
				},
				"tentacle3": {
					"rotation": ["math.clamp((math.cos(query.anim_time * 162.0) * 32.0 - this), 0.0, 256.0)", "0.0 - this", 0]
				},
				"tentacle4": {
					"rotation": ["math.clamp((math.cos(query.anim_time * 162.0) * 32.0 - this), 0.0, 256.0)", "-45.0 - this", 0]
				},
				"tentacle5": {
					"rotation": ["math.clamp((math.cos(query.anim_time * 162.0) * 32.0 - this), 0.0, 256.0)", "-90.0 - this", 0]
				},
				"tentacle6": {
					"rotation": ["math.clamp((math.cos(query.anim_time * 162.0) * 32.0 - this), 0.0, 256.0)", "-135.0 - this", 0]
				},
				"tentacle7": {
					"rotation": ["math.clamp((math.cos(query.anim_time * 162.0) * 32.0 - this), 0.0, 256.0)", "-180.0 - this", 0]
				},
				"tentacle8": {
					"rotation": ["math.clamp((math.cos(query.anim_time * 162.0) * 32.0 - this), 0.0, 256.0)", "-225.0 - this", 0]
				}
			}
		},
		"animation.morph.squid.look_at_target": {
			"loop": true,
			"bones": {
				"body": {
					"rotation": [ "query.is_in_water ? query.target_x_rotation + 90 : -90", "query.is_in_water ? query.target_y_rotation : query.target_y_rotation + 180", 0.0 ]
				}
			}
		}
	}
}