{
	"format_version": "1.8.0",
	"animations": {
		"animation.morph.vindicator.base" : {
			"loop" : true,
			"bones" : {
				"arms" : {
					"position" : [ 0.0, "-3.0 - this", "-1.0 - this" ],
					"rotation" : [ "-42.97 - this", 0.0, 0.0 ]
				},
				"leftarm" : {
					"rotation" : [ "math.cos(query.life_time * 20.0 * 3.84) * 2.87", -9.0, "-1 * (math.cos(query.life_time * 20.0 * 5.16) * 2.87 + 2.87)" ]
				},
				"rightarm" : {
					"rotation" : [ "math.cos(query.life_time * 20.0 * 3.84) * 2.87", 9.0, "math.cos(query.life_time * 20.0 * 5.16) * 2.87 + 2.87" ]
				},
				"rightItem" : {
					"scale": "query.equipped_item_any_tag('slot.weapon.mainhand', 'minecraft:is_axe', 'minecraft:is_sword') ? 1.0 : 0.0"
				},
				"leftItem" : {
					"scale": "query.equipped_item_any_tag('slot.weapon.mainhand', 'minecraft:is_axe', 'minecraft:is_sword') ? 1.0 : 0.0"
				}
			}
		}
	}
}