{
	"format_version": "1.8.0",
	"animations": {
		"animation.morph.warden.look_at_target.gliding": {
			"loop": true,
			"bones": {
				"head": {
					"rotation": [-45, "query.target_y_rotation", 0]
				}
			}
		},
		"animation.morph.warden.look_at_target.swimming": {
			"loop": true,
			"bones": {
				"head": {
					"rotation": ["math.lerp(query.target_x_rotation, -45.0, variable.swim_amount)", "query.target_y_rotation", 0]
				}
			}
		},
		"animation.morph.warden.swimming": {
			"loop": true,
			"override_previous_animation": true,
			"bones": {
				"left_arm": {
					"position": {
						"0": [0, 0, 0],
						"0.5": [-4, 0, 0],
						"0.7": [-4, 0, 0],
						"1.1": [0, 0, 0],
						"1.3": [0, 0, 0]
					},
					"rotation": {
						"0": [0, 180, 180],
						"0.7": [0, 180, 287.2],
						"1.1": [90, 180, 180],
						"1.3": [0, 180, 180]
					}
				},
				"right_arm": {
					"position": {
						"0": [0, 0, 0],
						"0.5": [4, 0, 0],
						"0.7": [4, 0, 0],
						"1.1": [0, 0, 0],
						"1.3": [0, 0, 0]
					},
					"rotation": {
						"0": [0, 180, -180],
						"0.7": [0, 180, -287.2],
						"1.1": [90, 180, -180],
						"1.3": [0, 180, -180]
					}
				},
				"left_leg" : {
					"rotation" : [ "math.lerp(0.0, math.cos(query.life_time * 390.0 + 180.0) * 17.2, variable.swim_amount)", 0.0, 0.0 ]
				},
				"right_leg" : {
					"rotation" : [ "math.lerp(0.0, math.cos(query.life_time * 390.0) * 17.2, variable.swim_amount)", 0.0, 0.0 ]
				},
				"root": {
					"position": [0, "(math.sin(query.target_x_rotation) * 24.0 + 3.0) * variable.swim_amount", "(math.cos(query.target_x_rotation) * 24.0 + 9.0) * variable.swim_amount"],
					"rotation": ["variable.swim_amount * (90 + query.target_x_rotation)", 0, 0]
				}
			}
		},
		"animation.morph.warden.sleeping" : {
			"loop" : true,
			"override_previous_animation" : true,
			"bones" : {
				"head" : {
					"rotation" : [ "30.0 - this", "-this", "-this" ]
				},
				"root" : {
					"position" : [ "24.0 * math.cos(query.body_y_rotation) * math.cos(query.sleep_rotation) - 24.0 * math.sin(query.body_y_rotation) * math.sin(query.sleep_rotation)", 0.0, "24.0 * math.cos(query.body_y_rotation) * math.sin(query.sleep_rotation) + 24.0 * math.sin(query.body_y_rotation) * math.cos(query.sleep_rotation)" ],
					"rotation" : [ -90.0, "270.0 - query.sleep_rotation - query.body_y_rotation", 0.0 ]
				}
			}
		}
	}
}
