{
  "format_version": "1.21.10",
  "minecraft:item": {
    "description": {
      "identifier": "morph:scroll_of_souls.filled",
      "menu_category": {
        "category": "none",
        "is_hidden_in_commands": true
      }
    },
    "components": {
      "minecraft:custom_components": [
        "morph:scroll_of_souls.filled"
      ],
      "minecraft:glint": {
        "value": true
      },
      "minecraft:hover_text_color": {
        "value": "aqua"
      },
      "minecraft:icon": {
        "textures": {
          "default": "morph:scroll_of_souls.filled"
        }
      },
      "minecraft:max_stack_size": {
        "value": 1
      }
    }
  }
}