{
  "format_version": "1.21.10",
  "minecraft:item": {
    "description": {
      "identifier": "morph:scroll_of_souls",
      "menu_category": {
        "category": "items",
        "is_hidden_in_commands": false
      }
    },
    "components": {
      "minecraft:custom_components": [
        "morph:scroll_of_souls"
      ],
      "minecraft:glint": {
        "value": false
      },
      "minecraft:hover_text_color": {
        "value": "white"
      },
      "minecraft:icon": {
        "textures": {
          "default": "morph:scroll_of_souls"
        }
      },
      "minecraft:max_stack_size": {
        "value": 1
      }
    }
  }
}