{
  "format_version": "1.21.10",
  "minecraft:item": {
    "description": {
      "identifier": "morph:wither_skull",
      "menu_category": {
        "category": "none",
        "is_hidden_in_commands": true
      }
    },
    "components": {
      "minecraft:cooldown": {
        "category": "morph:wither_skull",
        "duration": 0.67
      },
      "minecraft:custom_components": [
        "morph:wither_skull"
      ],
      "minecraft:glint": {
        "value": true
      },
      "minecraft:icon": {
        "textures": {
          "default": "morph:wither_skull"
        }
      },
      "minecraft:max_stack_size": {
        "value": 1
      }
    }
  }
}