{
  "format_version": "1.21.50",
  "minecraft:block": {
    "description": {
      "identifier": "morph:soul_glass",
      "menu_category": {
        "category": "construction",
        "group": "itemGroup.name.glass"
      }
    },
    "components": { 
      "minecraft:destructible_by_explosion": {
        "explosion_resistance": 0.0
      },
      "minecraft:destructible_by_mining": {
        "seconds_to_destroy": 0.4
      },
      "minecraft:geometry": "minecraft:geometry.full_block",
      "minecraft:light_dampening": 0,
      "minecraft:light_emission": 5,
      "minecraft:loot": "loot_tables/empty.json",
      "minecraft:map_color": "#6DEDF1",
      "minecraft:material_instances": {
        "*": {
          "ambient_occlusion": false,
          "face_dimming": false,
          "render_method": "blend",
          "texture": "morph:soul_glass"
        }
      }
    }
  }
}